4033,4035,3469,3695,4209,3922,3859,3668,3442,2007
4033,3469,3695,4209,3922,3859,3668,3442,2007
4035,3469,3695,4209,3922,3859,3668,3442,2007
4033,4035,3469,3695,4209,3922,3442,3668,2007
4033,3469,3695,4209,3922,3442,3668,2007
4035,3469,3695,4209,3922,3442,3668,2007
4033,4035,3469,4209,3922,3859,3668,3442,2007
4033,3469,4209,3922,3859,3668,3442,2007
4035,3469,4209,3922,3859,3668,3442,2007
4033,4035,3695,4209,3922,3859,3668,3442,2007
4033,3695,4209,3922,3859,3668,3442,2007
4035,3695,4209,3922,3859,3668,3442,2007
4033,4035,3695,4209,3922,3442,3668,2007
4033,3695,4209,3922,3442,3668,2007
4035,3695,4209,3922,3442,3668,2007
4033,4035,4209,3922,3859,3668,3442,2007
4033,4209,3922,3859,3668,3442,2007
4035,4209,3922,3859,3668,3442,2007
4033,4035,3469,3695,4209,3922,3859,3668,2007
4033,3469,3695,4209,3922,3859,3668,2007
4035,3469,3695,4209,3922,3859,3668,2007
4033,4035,3469,3695,4209,3922,3668,2007
4033,3469,3695,4209,3922,3668,2007
4035,3469,3695,4209,3922,3668,2007
4033,4035,3469,4209,3922,3859,3668,2007
4033,3469,4209,3922,3859,3668,2007
4035,3469,4209,3922,3859,3668,2007
4033,4035,3469,3695,4209,3922,3859,3668,3442
4033,3469,3695,4209,3922,3859,3668,3442
4035,3469,3695,4209,3922,3859,3668,3442
4033,4035,3469,3695,4209,3922,3442,3668
4033,3469,3695,4209,3922,3442,3668
4035,3469,3695,4209,3922,3442,3668
4033,4035,3469,4209,3922,3859,3668,3442
4033,3469,4209,3922,3859,3668,3442
4035,3469,4209,3922,3859,3668,3442
4033,4035,3695,4209,3922,3859,3668,2007
4033,3695,4209,3922,3859,3668,2007
4035,3695,4209,3922,3859,3668,2007
4033,4035,3695,4209,3922,3668,2007
4033,3695,4209,3922,3668,2007
4035,3695,4209,3922,3668,2007
4033,4035,4209,3922,3859,3668,2007
4033,4209,3922,3859,3668,2007
4035,4209,3922,3859,3668,2007
4033,4035,3695,4209,3922,3859,3668,3442
4033,3695,4209,3922,3859,3668,3442
4035,3695,4209,3922,3859,3668,3442
4033,4035,3695,4209,3922,3442,3668
4033,3695,4209,3922,3442,3668
4035,3695,4209,3922,3442,3668
4033,4035,4209,3922,3859,3668,3442
4033,4209,3922,3859,3668,3442
4035,4209,3922,3859,3668,3442
4033,4035,3469,3695,4209,3922,3859,3668
4033,3469,3695,4209,3922,3859,3668
4035,3469,3695,4209,3922,3859,3668
4033,4035,3469,3695,4209,3922,3668
4033,3469,3695,4209,3922,3668
4035,3469,3695,4209,3922,3668
4033,4035,3469,4209,3922,3859,3668
4033,3469,4209,3922,3859,3668
4035,3469,4209,3922,3859,3668
